Nombre Completo;Cuenta;Telefono;Plan;Descripcion Plan;Simcard
PRECISOGPS S.A.S.;1.20013636;994185939;BP-9980;CLARO EMPRESA BAM 1.5;'8959301000933072139'
PRECISOGPS S.A.S.;1.20013636;993463794;BP-9980;CLARO EMPRESA BAM 1.5;'8959301000927526850'
PRECISOGPS S.A.S.;1.20013636;993577804;BP-9980;CLARO EMPRESA BAM 1.5;'8959301000927526868'
PRECISOGPS S.A.S.;1.20013636;993593234;BP-9980;CLARO EMPRESA BAM 1.5;'8959301000927527395'
PRECISOGPS S.A.S.;1.20013636;993638864;BP-9980;CLARO EMPRESA BAM 1.5;'8959301000927527403'
PRECISOGPS S.A.S.;1.20013636;993669344;BP-9980;CLARO EMPRESA BAM 1.5;'8959301000927527411'
PRECISOGPS S.A.S.;1.20013636;999539577;BP-9980;CLARO EMPRESA BAM 1.5;'8959301000971875302'
PRECISOGPS S.A.S.;1.20013636;999539730;BP-9980;CLARO EMPRESA BAM 1.5;'8959301000971875310'
PRECISOGPS S.A.S.;1.20013636;999540183;BP-9980;CLARO EMPRESA BAM 1.5;'8959301000971875328'
PRECISOGPS S.A.S.;1.20013636;999542445;BP-9980;CLARO EMPRESA BAM 1.5;'8959301000971875351'
PRECISOGPS S.A.S.;1.20013636;999542962;BP-9980;CLARO EMPRESA BAM 1.5;'8959301000971875369'
PRECISOGPS S.A.S.;1.20013636;999543715;BP-9980;CLARO EMPRESA BAM 1.5;'8959301000971875377'
PRECISOGPS S.A.S.;1.20013636;999543931;BP-9980;CLARO EMPRESA BAM 1.5;'8959301000971875385'
PRECISOGPS S.A.S.;1.20013636;999544067;BP-9980;CLARO EMPRESA BAM 1.5;'8959301000971875393'
PRECISOGPS S.A.S.;1.20013636;986847107;BP-9980;CLARO EMPRESA BAM 1.5;'8959301000971874917'
PRECISOGPS S.A.S.;1.20013636;986848745;BP-9980;CLARO EMPRESA BAM 1.5;'8959301000971874925'
PRECISOGPS S.A.S.;1.20013636;986849383;BP-9980;CLARO EMPRESA BAM 1.5;'8959301000971874941'
PRECISOGPS S.A.S.;1.20013636;986850358;BP-9980;CLARO EMPRESA BAM 1.5;'8959301000971874958'
PRECISOGPS S.A.S.;1.20013636;986850666;BP-9980;CLARO EMPRESA BAM 1.5;'8959301000971874966'
PRECISOGPS S.A.S.;1.20013636;986858666;BP-9980;CLARO EMPRESA BAM 1.5;'8959301000971875047'
PRECISOGPS S.A.S.;1.20013636;986859243;BP-9980;CLARO EMPRESA BAM 1.5;'8959301000971875054'
PRECISOGPS S.A.S.;1.20013636;986859437;BP-9980;CLARO EMPRESA BAM 1.5;'8959301000971875062'
PRECISOGPS S.A.S.;1.20013636;993676123;BP-9980;CLARO EMPRESA BAM 1.5;'8959301000971875070'
PRECISOGPS S.A.S.;1.20013636;993692271;BP-9980;CLARO EMPRESA BAM 1.5;'8959301000971875088'
PRECISOGPS S.A.S.;1.20013636;993641046;BP-9980;CLARO EMPRESA BAM 1.5;'8959301001045629402'
PRECISOGPS S.A.S.;1.20013636;994152827;BP-9980;CLARO EMPRESA BAM 1.5;'8959301001045655399'
PRECISOGPS S.A.S.;1.20013636;994159654;BP-9980;CLARO EMPRESA BAM 1.5;'8959301001045655373'
PRECISOGPS S.A.S.;1.20013636;994163451;BP-9980;CLARO EMPRESA BAM 1.5;'8959301001045629386'
PRECISOGPS S.A.S.;1.20013636;993641105;BP-9980;CLARO EMPRESA BAM 1.5;'8959301001045629410'
PRECISOGPS S.A.S.;1.20013636;993642544;BP-9980;CLARO EMPRESA BAM 1.5;'8959301001045629444'
PRECISOGPS S.A.S.;1.20013636;994164411;BP-9980;CLARO EMPRESA BAM 1.5;'8959301001045629394'
PRECISOGPS S.A.S.;1.20013636;990325514;BP-9980;CLARO EMPRESA BAM 1.5;'8959301001090344261'
PRECISOGPS S.A.S.;1.20013636;994882514;BP-9980;CLARO EMPRESA BAM 1.5;'8959301001081632617'
PRECISOGPS S.A.S.;1.20013636;988516674;BP-9980;CLARO EMPRESA BAM 1.5;'8959301001081632625'
PRECISOGPS S.A.S.;1.20013636;989033674;BP-9980;CLARO EMPRESA BAM 1.5;'8959301001081632633'
PRECISOGPS S.A.S.;1.20013636;994883524;BP-9980;CLARO EMPRESA BAM 1.5;'8959301001081632641'
PRECISOGPS S.A.S.;1.20013636;997869644;BP-9980;CLARO EMPRESA BAM 1.5;'8959301001081632674'
PRECISOGPS S.A.S.;1.20013636;991933924;BP-9980;CLARO EMPRESA BAM 1.5;'8959301001081632682'
PRECISOGPS S.A.S.;1.20013636;997139364;BP-9980;CLARO EMPRESA BAM 1.5;'8959301001081632690'
PRECISOGPS S.A.S.;1.20013636;993685534;BP-9980;CLARO EMPRESA BAM 1.5;'8959301001081632708'
PRECISOGPS S.A.S.;1.20013636;997528754;BP-9980;CLARO EMPRESA BAM 1.5;'8959301001081632716'
PRECISOGPS S.A.S.;1.20013636;997756234;BP-9980;CLARO EMPRESA BAM 1.5;'8959301001081632724'
PRECISOGPS S.A.S.;1.20013636;997086904;BP-9980;CLARO EMPRESA BAM 1.5;'8959301001081632732'
PRECISOGPS S.A.S.;1.20013636;997607294;BP-9980;CLARO EMPRESA BAM 1.5;'8959301001081632740'
PRECISOGPS S.A.S.;1.20013636;992458234;BP-9980;CLARO EMPRESA BAM 1.5;'8959301001081632757'
PRECISOGPS S.A.S.;1.20013636;989402974;BP-9980;CLARO EMPRESA BAM 1.5;'8959301001090344287'
PRECISOGPS S.A.S.;1.20013636;983636978;BP-9980;CLARO EMPRESA BAM 1.5;'8959301001090344295'
PRECISOGPS S.A.S.;1.20013636;982638969;BP-9980;CLARO EMPRESA BAM 1.5;'8959301001090344253'
PRECISOGPS S.A.S.;1.20013636;993601374;BP-9980;CLARO EMPRESA BAM 1.5;'8959301001081632609'
PRECISOGPS S.A.S.;1.20013636;980514454;BP-9980;CLARO EMPRESA BAM 1.5;'8959301001090344451'
PRECISOGPS S.A.S.;1.20013636;988030114;BP-9980;CLARO EMPRESA BAM 1.5;'8959301001090344402'
PRECISOGPS S.A.S.;1.20013636;982650724;BP-9980;CLARO EMPRESA BAM 1.5;'8959301001090344386'
PRECISOGPS S.A.S.;1.20013636;989037224;BP-9980;CLARO EMPRESA BAM 1.5;'8959301001090344311'
PRECISOGPS S.A.S.;1.20013636;993603734;BP-9980;CLARO EMPRESA BAM 1.5;'8959301001090344303'
PRECISOGPS S.A.S.;1.20013636;997723694;BP-9980;CLARO EMPRESA BAM 1.5;'8959301001090344329'
PRECISOGPS S.A.S.;1.20013636;999660194;BP-9980;CLARO EMPRESA BAM 1.5;'8959301001090344444'
PRECISOGPS S.A.S.;1.20013636;991376962;BP-9980;CLARO EMPRESA BAM 1.5;'8959301001061368380'
PRECISOGPS S.A.S.;1.20013636;997450704;BP-9980;CLARO EMPRESA BAM 1.5;'8959301001090344410'
PRECISOGPS S.A.S.;1.20013636;997096750;BP-9980;CLARO EMPRESA BAM 1.5;'8959301001090344279'
PRECISOGPS S.A.S.;1.20013636;997513964;BP-9980;CLARO EMPRESA BAM 1.5;'8959301001090344436'
PRECISOGPS S.A.S.;1.20013636;980389514;BP-9980;CLARO EMPRESA BAM 1.5;'8959301000928332217'
PRECISOGPS S.A.S.;1.20013636;991418854;BP-9980;CLARO EMPRESA BAM 1.5;'8959301000928331938'
PRECISOGPS S.A.S.;1.20013636;982624004;BP-9980;CLARO EMPRESA BAM 1.5;'8959301000928331813'
PRECISOGPS S.A.S.;1.20013636;981809534;BP-9980;CLARO EMPRESA BAM 1.5;'8959301000928331771'
PRECISOGPS S.A.S.;1.20013636;990423674;BP-9980;CLARO EMPRESA BAM 1.5;'8959301000928331912'
PRECISOGPS S.A.S.;1.20013636;990421394;BP-9980;CLARO EMPRESA BAM 1.5;'8959301000928331904'
PRECISOGPS S.A.S.;1.20013636;997802654;BP-9980;CLARO EMPRESA BAM 1.5;'8959301000928332159'
PRECISOGPS S.A.S.;1.20013636;999409984;BP-9980;CLARO EMPRESA BAM 1.5;'8959301000928332167'
PRECISOGPS S.A.S.;1.20013636;980459444;BP-9980;CLARO EMPRESA BAM 1.5;'8959301000928331706'
PRECISOGPS S.A.S.;1.20013636;990523394;BP-9980;CLARO EMPRESA BAM 1.5;'8959301000928331920'
PRECISOGPS S.A.S.;1.20013636;992477984;BP-9980;CLARO EMPRESA BAM 1.5;'8959301000928331961'
PRECISOGPS S.A.S.;1.20013636;980662604;BP-9980;CLARO EMPRESA BAM 1.5;'8959301000928331722'
PRECISOGPS S.A.S.;1.20013636;993415484;BP-9980;CLARO EMPRESA BAM 1.5;'8959301000928331979'
PRECISOGPS S.A.S.;1.20013636;981404904;BP-9980;CLARO EMPRESA BAM 1.5;'8959301000928331755'
PRECISOGPS S.A.S.;1.20013636;997756354;BP-9980;CLARO EMPRESA BAM 1.5;'8959301000928332134'
PRECISOGPS S.A.S.;1.20013636;997517614;BP-9980;CLARO EMPRESA BAM 1.5;'8959301000928332100'
PRECISOGPS S.A.S.;1.20013636;981817294;BP-9980;CLARO EMPRESA BAM 1.5;'8959301000928331789'
PRECISOGPS S.A.S.;1.20013636;981824734;BP-9980;CLARO EMPRESA BAM 1.5;'8959301000928331797'
PRECISOGPS S.A.S.;1.20013636;989277064;BP-9980;CLARO EMPRESA BAM 1.5;'8959301000928331862'
PRECISOGPS S.A.S.;1.20013636;997763114;BP-9980;CLARO EMPRESA BAM 1.5;'8959301000928332142'
PRECISOGPS S.A.S.;1.20013636;999555914;BP-9980;CLARO EMPRESA BAM 1.5;'8959301000928332191'
PRECISOGPS S.A.S.;1.20013636;985635374;BP-9980;CLARO EMPRESA BAM 1.5;'8959301000928331847'
PRECISOGPS S.A.S.;1.20013636;990311594;BP-9980;CLARO EMPRESA BAM 1.5;'8959301000928331870'
PRECISOGPS S.A.S.;1.20013636;999471814;BP-9980;CLARO EMPRESA BAM 1.5;'8959301000928332175'
PRECISOGPS S.A.S.;1.20013636;993622924;BP-9980;CLARO EMPRESA BAM 1.5;'8959301000928331995'
PRECISOGPS S.A.S.;1.20013636;993671684;BP-9980;CLARO EMPRESA BAM 1.5;'8959301000928332019'
PRECISOGPS S.A.S.;1.20013636;997631134;BP-9980;CLARO EMPRESA BAM 1.5;'8959301000928332126'
PRECISOGPS S.A.S.;1.20013636;994694794;BP-9980;CLARO EMPRESA BAM 1.5;'8959301000928332035'
PRECISOGPS S.A.S.;1.20013636;980633754;BP-9980;CLARO EMPRESA BAM 1.5;'8959301000928331714'
PRECISOGPS S.A.S.;1.20013636;999649244;BP-9980;CLARO EMPRESA BAM 1.5;'8959301000928331680'
PRECISOGPS S.A.S.;1.20013636;999462454;BP-9980;CLARO EMPRESA BAM 1.5;'8959301000928331672'
PRECISOGPS S.A.S.;1.20013636;997415524;BP-9980;CLARO EMPRESA BAM 1.5;'8959301000927526934'
PRECISOGPS S.A.S.;1.20013636;997488914;BP-9980;CLARO EMPRESA BAM 1.5;'8959301000927527510'
PRECISOGPS S.A.S.;1.20013636;997492404;BP-9980;CLARO EMPRESA BAM 1.5;'8959301000928431563'
PRECISOGPS S.A.S.;1.20013636;997638664;BP-9980;CLARO EMPRESA BAM 1.5;'8959301000927526959'
PRECISOGPS S.A.S.;1.20013636;997638944;BP-9980;CLARO EMPRESA BAM 1.5;'8959301000927515119'
PRECISOGPS S.A.S.;1.20013636;997723124;BP-9980;CLARO EMPRESA BAM 1.5;'8959301000927527858'
PRECISOGPS S.A.S.;1.20013636;997788094;BP-9980;CLARO EMPRESA BAM 1.5;'8959301000928431571'
PRECISOGPS S.A.S.;1.20013636;997792414;BP-9980;CLARO EMPRESA BAM 1.5;'8959301000928431597'
PRECISOGPS S.A.S.;1.20013636;993310718;BP-9980;CLARO EMPRESA BAM 1.5;'8959301000927514997'
PRECISOGPS S.A.S.;1.20013636;997855774;BP-9980;CLARO EMPRESA BAM 1.5;'8959301000927514559'
PRECISOGPS S.A.S.;1.20013636;997858578;BP-9980;CLARO EMPRESA BAM 1.5;'8959301000927526967'
PRECISOGPS S.A.S.;1.20013636;997988624;BP-9980;CLARO EMPRESA BAM 1.5;'8959301000928431639'
PRECISOGPS S.A.S.;1.20013636;999165824;BP-9980;CLARO EMPRESA BAM 1.5;'8959301000928431647'
PRECISOGPS S.A.S.;1.20013636;999340314;BP-9980;CLARO EMPRESA BAM 1.5;'8959301000927526975'
PRECISOGPS S.A.S.;1.20013636;999617064;BP-9980;CLARO EMPRESA BAM 1.5;'8959301000927527882'
PRECISOGPS S.A.S.;1.20013636;999689978;BP-9980;CLARO EMPRESA BAM 1.5;'8959301000927515127'
PRECISOGPS S.A.S.;1.20013636;992020754;BP-9980;CLARO EMPRESA BAM 1.5;'8959301000927515432'
PRECISOGPS S.A.S.;1.20013636;990439518;BP-9980;CLARO EMPRESA BAM 1.5;'8959301000927514906'
PRECISOGPS S.A.S.;1.20013636;990596144;BP-9980;CLARO EMPRESA BAM 1.5;'8959301000928431365'
PRECISOGPS S.A.S.;1.20013636;990623654;BP-9980;CLARO EMPRESA BAM 1.5;'8959301000927515382'
PRECISOGPS S.A.S.;1.20013636;990626014;BP-9980;CLARO EMPRESA BAM 1.5;'8959301000928431373'
PRECISOGPS S.A.S.;1.20013636;991318184;BP-9980;CLARO EMPRESA BAM 1.5;'8959301000928431381'
PRECISOGPS S.A.S.;1.20013636;991337294;BP-9980;CLARO EMPRESA BAM 1.5;'8959301000927527346'
PRECISOGPS S.A.S.;1.20013636;991434738;BP-9980;CLARO EMPRESA BAM 1.5;'8959301000927515390'
PRECISOGPS S.A.S.;1.20013636;991482974;BP-9980;CLARO EMPRESA BAM 1.5;'8959301000928431399'
PRECISOGPS S.A.S.;1.20013636;991641328;BP-9980;CLARO EMPRESA BAM 1.5;'8959301000927515408'
PRECISOGPS S.A.S.;1.20013636;991666114;BP-9980;CLARO EMPRESA BAM 1.5;'8959301000928431407'
PRECISOGPS S.A.S.;1.20013636;991932768;BP-9980;CLARO EMPRESA BAM 1.5;'8959301000927514930'
PRECISOGPS S.A.S.;1.20013636;992386904;BP-9980;CLARO EMPRESA BAM 1.5;'8959301000927515440'
PRECISOGPS S.A.S.;1.20013636;985387678;BP-9980;CLARO EMPRESA BAM 1.5;'8959301000927514724'
PRECISOGPS S.A.S.;1.20013636;985388654;BP-9980;CLARO EMPRESA BAM 1.5;'8959301000928431233'
PRECISOGPS S.A.S.;1.20013636;985403054;BP-9980;CLARO EMPRESA BAM 1.5;'8959301000928431241'
PRECISOGPS S.A.S.;1.20013636;985505454;BP-9980;CLARO EMPRESA BAM 1.5;'8959301000928431258'
PRECISOGPS S.A.S.;1.20013636;992421084;BP-9980;CLARO EMPRESA BAM 1.5;'8959301000928431415'
PRECISOGPS S.A.S.;1.20013636;992438264;BP-9980;CLARO EMPRESA BAM 1.5;'8959301000927515457'
PRECISOGPS S.A.S.;1.20013636;992451628;BP-9980;CLARO EMPRESA BAM 1.5;'8959301000927514971'
PRECISOGPS S.A.S.;1.20013636;992459688;BP-9980;CLARO EMPRESA BAM 1.5;'8959301000927515465'
PRECISOGPS S.A.S.;1.20013636;992462434;BP-9980;CLARO EMPRESA BAM 1.5;'8959301000927527361'
PRECISOGPS S.A.S.;1.20013636;992487154;BP-9980;CLARO EMPRESA BAM 1.5;'8959301000927527379'
PRECISOGPS S.A.S.;1.20013636;992494084;BP-9980;CLARO EMPRESA BAM 1.5;'8959301000927515473'
PRECISOGPS S.A.S.;1.20013636;980541463;BP-9980;CLARO EMPRESA BAM 1.5;'8959301001025790422'
PRECISOGPS S.A.S.;1.20013636;986845460;BP-9980;CLARO EMPRESA BAM 1.5;'8959301001090344345'
PRECISOGPS S.A.S.;1.20013636;993642167;BP-9980;CLARO EMPRESA BAM 1.5;'8959301001090344360'
PRECISOGPS S.A.S.;1.20013636;999542324;BP-9980;CLARO EMPRESA BAM 1.5;'8959301001090344428'
PRECISOGPS S.A.S.;1.20013636;994184787;BP-9980;CLARO EMPRESA BAM 1.5;'8959301001090344394'
PRECISOGPS S.A.S.;1.20013636;986857870;BP-9980;CLARO EMPRESA BAM 1.5;'8959301001090344246'
PRECISOGPS S.A.S.;1.20013636;993641956;BP-9980;CLARO EMPRESA BAM 1.5;'8959301001090344378'
PRECISOGPS S.A.S.;1.20013636;997498281;BP-9980;CLARO EMPRESA BAM 1.5;'8959301001090344352'
PRECISOGPS S.A.S.;1.20013636;994161100;BP-9980;CLARO EMPRESA BAM 1.5;'8959301000971874545'
PRECISOGPS S.A.S.;1.20013636;994159768;BP-9980;CLARO EMPRESA BAM 1.5;'8959301000971874529'
PRECISOGPS S.A.S.;1.20013636;994162391;BP-9980;CLARO EMPRESA BAM 1.5;'8959301000971874560'
PRECISOGPS S.A.S.;1.20013636;994162515;BP-9980;CLARO EMPRESA BAM 1.5;'8959301000971874578'
PRECISOGPS S.A.S.;1.20013636;994163323;BP-9980;CLARO EMPRESA BAM 1.5;'8959301000971874586'
PRECISOGPS S.A.S.;1.20013636;997491024;BP-9980;CLARO EMPRESA BAM 1.5;'8959301000971874875'
PRECISOGPS S.A.S.;1.20013636;999387224;BP-9980;CLARO EMPRESA BAM 1.5;'8959301000971874891'
PRECISOGPS S.A.S.;1.20013636;994164985;BP-9980;CLARO EMPRESA BAM 1.5;'8959301000971874636'
PRECISOGPS S.A.S.;1.20013636;994165208;BP-9980;CLARO EMPRESA BAM 1.5;'8959301000971874644'
PRECISOGPS S.A.S.;1.20013636;994168033;BP-9980;CLARO EMPRESA BAM 1.5;'8959301000971874693'
PRECISOGPS S.A.S.;1.20013636;994170335;BP-9980;CLARO EMPRESA BAM 1.5;'8959301000971874743'
PRECISOGPS S.A.S.;1.20013636;994170667;BP-9980;CLARO EMPRESA BAM 1.5;'8959301000971874768'
PRECISOGPS S.A.S.;1.20013636;994170717;BP-9980;CLARO EMPRESA BAM 1.5;'8959301000971874776'
PRECISOGPS S.A.S.;1.20013636;994171175;BP-9980;CLARO EMPRESA BAM 1.5;'8959301000971874784'
PRECISOGPS S.A.S.;1.20013636;994171297;BP-9980;CLARO EMPRESA BAM 1.5;'8959301000971874792'
PRECISOGPS S.A.S.;1.20013636;994171816;BP-9980;CLARO EMPRESA BAM 1.5;'8959301000971874800'
PRECISOGPS S.A.S.;1.20013636;994172482;BP-9980;CLARO EMPRESA BAM 1.5;'8959301000971874818'
PRECISOGPS S.A.S.;1.20013636;994173267;BP-9980;CLARO EMPRESA BAM 1.5;'8959301000971874826'
PRECISOGPS S.A.S.;1.20013636;994184588;BP-9980;CLARO EMPRESA BAM 1.5;'8959301000971875096'
PRECISOGPS S.A.S.;1.20013636;994186328;BP-9980;CLARO EMPRESA BAM 1.5;'8959301000971875112'
PRECISOGPS S.A.S.;1.20013636;994188792;BP-9980;CLARO EMPRESA BAM 1.5;'8959301000971875120'
PRECISOGPS S.A.S.;1.20013636;994191645;BP-9980;CLARO EMPRESA BAM 1.5;'8959301000971875138'
PRECISOGPS S.A.S.;1.20013636;994192153;BP-9980;CLARO EMPRESA BAM 1.5;'8959301000971875146'
PRECISOGPS S.A.S.;1.20013636;994192854;BP-9980;CLARO EMPRESA BAM 1.5;'8959301000971875153'
PRECISOGPS S.A.S.;1.20013636;994194643;BP-9980;CLARO EMPRESA BAM 1.5;'8959301000971875179'
PRECISOGPS S.A.S.;1.20013636;994201726;BP-9980;CLARO EMPRESA BAM 1.5;'8959301000971875195'
PRECISOGPS S.A.S.;1.20013636;994203449;BP-9980;CLARO EMPRESA BAM 1.5;'8959301000971875203'
PRECISOGPS S.A.S.;1.20013636;994204775;BP-9980;CLARO EMPRESA BAM 1.5;'8959301000971875211'
PRECISOGPS S.A.S.;1.20013636;994206493;BP-9980;CLARO EMPRESA BAM 1.5;'8959301000971875237'
PRECISOGPS S.A.S.;1.20013636;994207570;BP-9980;CLARO EMPRESA BAM 1.5;'8959301000971875245'
PRECISOGPS S.A.S.;1.20013636;994212109;BP-9980;CLARO EMPRESA BAM 1.5;'8959301000971875278'
PRECISOGPS S.A.S.;1.20013636;994213863;BP-9980;CLARO EMPRESA BAM 1.5;'8959301000971875286'
PRECISOGPS S.A.S.;1.20013636;994214056;BP-9980;CLARO EMPRESA BAM 1.5;'8959301000971875294'
PRECISOGPS S.A.S.;1.20013636;981334907;BP-9980;CLARO EMPRESA BAM 1.5;'8959301001025790455'
PRECISOGPS S.A.S.;1.20013636;986871569;BP-9980;CLARO EMPRESA BAM 1.5;'8959301000941577517'
PRECISOGPS S.A.S.;1.20013636;989008050;BP-9980;CLARO EMPRESA BAM 1.5;'8959301000941577574'
PRECISOGPS S.A.S.;1.20013636;999597573;BP-9980;CLARO EMPRESA BAM 1.5;'8959301000941577897'
PRECISOGPS S.A.S.;1.20013636;997158863;BP-9980;CLARO EMPRESA BAM 1.5;'8959301000941577392'
PRECISOGPS S.A.S.;1.20013636;988229881;BP-9980;CLARO EMPRESA BAM 1.5;'8959301000941577277'
PRECISOGPS S.A.S.;1.20013636;988098291;BP-9980;CLARO EMPRESA BAM 1.5;'8959301000941577269'
PRECISOGPS S.A.S.;1.20013636;989229343;BP-9980;CLARO EMPRESA BAM 1.5;'8959301000941577293'
PRECISOGPS S.A.S.;1.20013636;991956459;BP-9980;CLARO EMPRESA BAM 1.5;'8959301000941577665'
PRECISOGPS S.A.S.;1.20013636;997735599;BP-9980;CLARO EMPRESA BAM 1.5;'8959301000941577855'
PRECISOGPS S.A.S.;1.20013636;982506473;BP-9980;CLARO EMPRESA BAM 1.5;'8959301001025790489'
PRECISOGPS S.A.S.;1.20013636;999682847;BP-9980;CLARO EMPRESA BAM 1.5;'8959301001025790893'
PRECISOGPS S.A.S.;1.20013636;989367497;BP-9980;CLARO EMPRESA BAM 1.5;'8959301001025790687'
PRECISOGPS S.A.S.;1.20013636;988313887;BP-9980;CLARO EMPRESA BAM 1.5;'8959301001025790620'
PRECISOGPS S.A.S.;1.20013636;990689207;BP-9980;CLARO EMPRESA BAM 1.5;'8959301001025790729'
PRECISOGPS S.A.S.;1.20013636;985396587;BP-9980;CLARO EMPRESA BAM 1.5;'8959301001025790547'
PRECISOGPS S.A.S.;1.20013636;990649297;BP-9980;CLARO EMPRESA BAM 1.5;'8959301001025790711'
PRECISOGPS S.A.S.;1.20013636;994852837;BP-9980;CLARO EMPRESA BAM 1.5;'8959301001025790810'
PRECISOGPS S.A.S.;1.20013636;994990847;BP-9980;CLARO EMPRESA BAM 1.5;'8959301001025790851'
PRECISOGPS S.A.S.;1.20013636;988334933;BP-9980;CLARO EMPRESA BAM 1.5;'8959301001025790638'
PRECISOGPS S.A.S.;1.20013636;986890487;BP-9980;CLARO EMPRESA BAM 1.5;'8959301001025790588'
PRECISOGPS S.A.S.;1.20013636;983699757;BP-9980;CLARO EMPRESA BAM 1.5;'8959301001025790521'
PRECISOGPS S.A.S.;1.20013636;994505723;BP-9980;CLARO EMPRESA BAM 1.5;'8959301001025790794'
PRECISOGPS S.A.S.;1.20013636;994995333;BP-9980;CLARO EMPRESA BAM 1.5;'8959301001025790869'
PRECISOGPS S.A.S.;1.20013636;988035297;BP-9980;CLARO EMPRESA BAM 1.5;'8959301001025790604'
PRECISOGPS S.A.S.;1.20013636;988216564;BP-9980;CLARO EMPRESA BAM 1.5;'8959301000971877050'
PRECISOGPS S.A.S.;1.20013636;982612789;BP-9980;CLARO EMPRESA BAM 1.5;'8959301000971877068'
PRECISOGPS S.A.S.;1.20013636;986860441;BP-9980;CLARO EMPRESA BAM 1.5;'8959301000971877159'
PRECISOGPS S.A.S.;1.20013636;997831684;BP-9980;CLARO EMPRESA BAM 1.5;'8959301000953710162'
PRECISOGPS S.A.S.;1.20013636;980530934;BP-9980;CLARO EMPRESA BAM 1.5;'8959301000928430987'
PRECISOGPS S.A.S.;1.20013636;980563284;BP-9980;CLARO EMPRESA BAM 1.5;'8959301000928430995'
PRECISOGPS S.A.S.;1.20013636;980690634;BP-9980;CLARO EMPRESA BAM 1.5;'8959301000928431001'
PRECISOGPS S.A.S.;1.20013636;981377454;BP-9980;CLARO EMPRESA BAM 1.5;'8959301000928431191'
PRECISOGPS S.A.S.;1.20013636;981381298;BP-9980;CLARO EMPRESA BAM 1.5;'8959301000927514203'
PRECISOGPS S.A.S.;1.20013636;981440914;BP-9980;CLARO EMPRESA BAM 1.5;'8959301000928431019'
PRECISOGPS S.A.S.;1.20013636;981475568;BP-9980;CLARO EMPRESA BAM 1.5;'8959301000927515184'
PRECISOGPS S.A.S.;1.20013636;981804284;BP-9980;CLARO EMPRESA BAM 1.5;'8959301000928431027'
PRECISOGPS S.A.S.;1.20013636;981816194;BP-9980;CLARO EMPRESA BAM 1.5;'8959301000928431035'
PRECISOGPS S.A.S.;1.20013636;985330684;BP-9980;CLARO EMPRESA BAM 1.5;'8959301000928431225'
PRECISOGPS S.A.S.;1.20013636;993644984;BP-9980;CLARO EMPRESA BAM 1.5;'8959301000941574506'
PRECISOGPS S.A.S.;1.20013636;988013654;BP-9980;CLARO EMPRESA BAM 1.5;'8959301000928431134'
PRECISOGPS S.A.S.;1.20013636;997869649;BP-9980;CLARO EMPRESA BAM 1.5;'8959301000933072220'
PRECISOGPS S.A.S.;1.20013636;994534664;BP-9980;CLARO EMPRESA BAM 1.5;'8959301000933072154'
PRECISOGPS S.A.S.;1.20013636;988484172;BP-9980;CLARO EMPRESA BAM 1.5;'8959301000933072030'
PRECISOGPS S.A.S.;1.20013636;990416922;BP-9980;CLARO EMPRESA BAM 1.5;'8959301000933072055'
PRECISOGPS S.A.S.;1.20013636;981912766;BP-9980;CLARO EMPRESA BAM 1.5;'8959301000933071800'
PRECISOGPS S.A.S.;1.20013636;994869123;BP-9980;CLARO EMPRESA BAM 1.5;'8959301000933072188'
PRECISOGPS S.A.S.;1.20013636;988461266;BP-9980;CLARO EMPRESA BAM 1.5;'8959301000933072022'
PRECISOGPS S.A.S.;1.20013636;981974687;BP-9980;CLARO EMPRESA BAM 1.5;'8959301000933071826'
PRECISOGPS S.A.S.;1.20013636;988247770;BP-9980;CLARO EMPRESA BAM 1.5;'8959301000933072006'
PRECISOGPS S.A.S.;1.20013636;986918150;BP-9980;CLARO EMPRESA BAM 1.5;'8959301000933071933'
PRECISOGPS S.A.S.;1.20013636;990399163;BP-9980;CLARO EMPRESA BAM 1.5;'8959301000933072048'
PRECISOGPS S.A.S.;1.20013636;985391457;BP-9980;CLARO EMPRESA BAM 1.5;'8959301000933071875'
PRECISOGPS S.A.S.;1.20013636;997947752;BP-9980;CLARO EMPRESA BAM 1.5;'8959301000933072246'
PRECISOGPS S.A.S.;1.20013636;991373404;BP-9980;CLARO EMPRESA BAM 1.5;'8959301000933072071'
PRECISOGPS S.A.S.;1.20013636;985620056;BP-9980;CLARO EMPRESA BAM 1.5;'8959301000994035876'
PRECISOGPS S.A.S.;1.20013636;980405294;BP-9980;CLARO EMPRESA BAM 1.5;'8959301000994035850'
PRECISOGPS S.A.S.;1.20013636;994647462;BP-9980;CLARO EMPRESA BAM 1.5;'8959301000994035611'
PRECISOGPS S.A.S.;1.20013636;980545699;BP-9980;CLARO EMPRESA BAM 1.5;'8959301001025790430'
PRECISOGPS S.A.S.;1.20013636;991667428;BP-9980;CLARO EMPRESA BAM 1.5;'8959301001025790745'
PRECISOGPS S.A.S.;1.20013636;990316598;BP-9980;CLARO EMPRESA BAM 1.5;'8959301001025790695'
PRECISOGPS S.A.S.;1.20013636;980466279;BP-9980;CLARO EMPRESA BAM 1.5;'8959301001025790414'
PRECISOGPS S.A.S.;1.20013636;994867699;BP-9980;CLARO EMPRESA BAM 1.5;'8959301001025790828'
PRECISOGPS S.A.S.;1.20013636;991315079;BP-9980;CLARO EMPRESA BAM 1.5;'8959301001025790737'
PRECISOGPS S.A.S.;1.20013636;994158919;BP-9980;CLARO EMPRESA BAM 1.5;'8959301001025790786'
PRECISOGPS S.A.S.;1.20013636;988359188;BP-9980;CLARO EMPRESA BAM 1.5;'8959301001025791107'
PRECISOGPS S.A.S.;1.20013636;981804244;BP-9980;CLARO EMPRESA BAM 1.5;'8959301001025791016'
PRECISOGPS S.A.S.;1.20013636;980428974;BP-9980;CLARO EMPRESA BAM 1.5;'8959301001025790943'
PRECISOGPS S.A.S.;1.20013636;990434978;BP-9980;CLARO EMPRESA BAM 1.5;'8959301001025791180'
PRECISOGPS S.A.S.;1.20013636;982642504;BP-9980;CLARO EMPRESA BAM 1.5;'8959301001025791032'
PRECISOGPS S.A.S.;1.20013636;994643774;BP-9980;CLARO EMPRESA BAM 1.5;'8959301001025791305'
PRECISOGPS S.A.S.;1.20013636;980690294;BP-9980;CLARO EMPRESA BAM 1.5;'8959301001025790984'
PRECISOGPS S.A.S.;1.20013636;980618188;BP-9980;CLARO EMPRESA BAM 1.5;'8959301000994035579'
PRECISOGPS S.A.S.;1.20013636;980680944;BP-9980;CLARO EMPRESA BAM 1.5;'8959301000994035595'
PRECISOGPS S.A.S.;1.20013636;992022924;BP-9980;CLARO EMPRESA BAM 1.5;'8959301000994035603'
PRECISOGPS S.A.S.;1.20013636;988072995;BP-9980;CLARO EMPRESA BAM 1.5;'8959301000985660088'
PRECISOGPS S.A.S.;1.20013636;986252884;BP-9980;CLARO EMPRESA BAM 1.5;'8959301000985660112'
PRECISOGPS S.A.S.;1.20013636;985531839;BP-9980;CLARO EMPRESA BAM 1.5;'8959301000985660146'
PRECISOGPS S.A.S.;1.20013636;980210665;BP-9980;CLARO EMPRESA BAM 1.5;'8959301000985660203'
PRECISOGPS S.A.S.;1.20013636;983662066;BP-9980;CLARO EMPRESA BAM 1.5;'8959301000985660161'
PRECISOGPS S.A.S.;1.20013636;988277192;BP-9980;CLARO EMPRESA BAM 1.5;'8959301000985660047'
PRECISOGPS S.A.S.;1.20013636;988167232;BP-9980;CLARO EMPRESA BAM 1.5;'8959301000985660062'
PRECISOGPS S.A.S.;1.20013636;997178013;BP-9980;CLARO EMPRESA BAM 1.5;'8959301000985658827'
PRECISOGPS S.A.S.;1.20013636;988390600;BP-9980;CLARO EMPRESA BAM 1.5;'8959301000985660021'
PRECISOGPS S.A.S.;1.20013636;997274002;BP-9980;CLARO EMPRESA BAM 1.5;'8959301000985665004'
PRECISOGPS S.A.S.;1.20013636;983605550;BP-9980;CLARO EMPRESA BAM 1.5;'8959301000985665376'
PRECISOGPS S.A.S.;1.20013636;994537120;BP-9980;CLARO EMPRESA BAM 1.5;'8959301000985665038'
PRECISOGPS S.A.S.;1.20013636;993329038;BP-9980;CLARO EMPRESA BAM 1.5;'8959301000927515481'
PRECISOGPS S.A.S.;1.20013636;993410214;BP-9980;CLARO EMPRESA BAM 1.5;'8959301000928431423'
PRECISOGPS S.A.S.;1.20013636;993462294;BP-9980;CLARO EMPRESA BAM 1.5;'8959301000928431431'
PRECISOGPS S.A.S.;1.20013636;994304634;BP-9980;CLARO EMPRESA BAM 1.5;'8959301000927527452'
PRECISOGPS S.A.S.;1.20013636;994635174;BP-9980;CLARO EMPRESA BAM 1.5;'8959301000927527783'
PRECISOGPS S.A.S.;1.20013636;994717074;BP-9980;CLARO EMPRESA BAM 1.5;'8959301000927527460'
PRECISOGPS S.A.S.;1.20013636;994730514;BP-9980;CLARO EMPRESA BAM 1.5;'8959301000928431464'
PRECISOGPS S.A.S.;1.20013636;994737674;BP-9980;CLARO EMPRESA BAM 1.5;'8959301000928431472'
PRECISOGPS S.A.S.;1.20013636;993704864;BP-9980;CLARO EMPRESA BAM 1.5;'8959301000927526876'
PRECISOGPS S.A.S.;1.20013636;993749164;BP-9980;CLARO EMPRESA BAM 1.5;'8959301000927527429'
PRECISOGPS S.A.S.;1.20013636;993974384;BP-9980;CLARO EMPRESA BAM 1.5;'8959301000927526884'
PRECISOGPS S.A.S.;1.20013636;994048634;BP-9980;CLARO EMPRESA BAM 1.5;'8959301000927526892'
PRECISOGPS S.A.S.;1.20013636;994239634;BP-9980;CLARO EMPRESA BAM 1.5;'8959301000928431456'
PRECISOGPS S.A.S.;1.20013636;994781444;BP-9980;CLARO EMPRESA BAM 1.5;'8959301000927527791'
PRECISOGPS S.A.S.;1.20013636;994799274;BP-9980;CLARO EMPRESA BAM 1.5;'8959301000928431498'
PRECISOGPS S.A.S.;1.20013636;997110304;BP-9980;CLARO EMPRESA BAM 1.5;'8959301000928431514'
PRECISOGPS S.A.S.;1.20013636;997153234;BP-9980;CLARO EMPRESA BAM 1.5;'8959301000927526900'
PRECISOGPS S.A.S.;1.20013636;997178484;BP-9980;CLARO EMPRESA BAM 1.5;'8959301000927517818'
PRECISOGPS S.A.S.;1.20013636;997188368;BP-9980;CLARO EMPRESA BAM 1.5;'8959301000927526918'
PRECISOGPS S.A.S.;1.20013636;997198608;BP-9980;CLARO EMPRESA BAM 1.5;'8959301000927526926'
PRECISOGPS S.A.S.;1.20013636;997206994;BP-9980;CLARO EMPRESA BAM 1.5;'8959301000927517826'
PRECISOGPS S.A.S.;1.20013636;997285374;BP-9980;CLARO EMPRESA BAM 1.5;'8959301000928431522'
PRECISOGPS S.A.S.;1.20013636;997311034;BP-9980;CLARO EMPRESA BAM 1.5;'8959301000928431530'
PRECISOGPS S.A.S.;1.20013636;997321074;BP-9980;CLARO EMPRESA BAM 1.5;'8959301000928431548'
PRECISOGPS S.A.S.;1.20013636;985586974;BP-9980;CLARO EMPRESA BAM 1.5;'8959301000928431266'
PRECISOGPS S.A.S.;1.20013636;985599624;BP-9980;CLARO EMPRESA BAM 1.5;'8959301000927527601'
PRECISOGPS S.A.S.;1.20013636;985607674;BP-9980;CLARO EMPRESA BAM 1.5;'8959301000927514757'
PRECISOGPS S.A.S.;1.20013636;985610458;BP-9980;CLARO EMPRESA BAM 1.5;'8959301000927515283'
PRECISOGPS S.A.S.;1.20013636;985680334;BP-9980;CLARO EMPRESA BAM 1.5;'8959301000928431100'
PRECISOGPS S.A.S.;1.20013636;986022934;BP-9980;CLARO EMPRESA BAM 1.5;'8959301000927527627'
PRECISOGPS S.A.S.;1.20013636;982669944;BP-9980;CLARO EMPRESA BAM 1.5;'8959301000928431068'
PRECISOGPS S.A.S.;1.20013636;993483784;BP-9980;CLARO EMPRESA BAM 1.5;'8959301000927527387'
PRECISOGPS S.A.S.;1.20013636;980278214;BP-9980;CLARO EMPRESA BAM 1.5;'8959301000928431159'
PRECISOGPS S.A.S.;1.20013636;980288014;BP-9980;CLARO EMPRESA BAM 1.5;'8959301000928431167'
PRECISOGPS S.A.S.;1.20013636;980313734;BP-9980;CLARO EMPRESA BAM 1.5;'8959301000927515135'
PRECISOGPS S.A.S.;1.20013636;980321654;BP-9980;CLARO EMPRESA BAM 1.5;'8959301000927527072'
PRECISOGPS S.A.S.;1.20013636;980398924;BP-9980;CLARO EMPRESA BAM 1.5;'8959301000927527080'
PRECISOGPS S.A.S.;1.20013636;980420334;BP-9980;CLARO EMPRESA BAM 1.5;'8959301000927527098'
PRECISOGPS S.A.S.;1.20013636;980499568;BP-9980;CLARO EMPRESA BAM 1.5;'8959301000927514625'
PRECISOGPS S.A.S.;1.20013636;980516224;BP-9980;CLARO EMPRESA BAM 1.5;'8959301000928431183'
PRECISOGPS S.A.S.;1.20013636;980517144;BP-9980;CLARO EMPRESA BAM 1.5;'8959301000928430979'
PRECISOGPS S.A.S.;1.20013636;981853228;BP-9980;CLARO EMPRESA BAM 1.5;'8959301000927514658'
PRECISOGPS S.A.S.;1.20013636;981990954;BP-9980;CLARO EMPRESA BAM 1.5;'8959301000927514666'
PRECISOGPS S.A.S.;1.20013636;981904714;BP-9980;CLARO EMPRESA BAM 1.5;'8959301000928431043'
PRECISOGPS S.A.S.;1.20013636;982511214;BP-9980;CLARO EMPRESA BAM 1.5;'8959301000928431050'
PRECISOGPS S.A.S.;1.20013636;981855244;BP-9980;CLARO EMPRESA BAM 1.5;'8959301000928431209'
PRECISOGPS S.A.S.;1.20013636;985326624;BP-9980;CLARO EMPRESA BAM 1.5;'8959301000928431217'
PRECISOGPS S.A.S.;1.20013636;988110374;BP-9980;CLARO EMPRESA BAM 1.5;'8959301000927515333'
PRECISOGPS S.A.S.;1.20013636;988148134;BP-9980;CLARO EMPRESA BAM 1.5;'8959301000928431308'
PRECISOGPS S.A.S.;1.20013636;988443984;BP-9980;CLARO EMPRESA BAM 1.5;'8959301000927527239'
PRECISOGPS S.A.S.;1.20013636;988454598;BP-9980;CLARO EMPRESA BAM 1.5;'8959301000927514831'
PRECISOGPS S.A.S.;1.20013636;989056379;BP-9980;CLARO EMPRESA BAM 1.5;'8959301000953714990'
PRECISOGPS S.A.S.;1.20013636;988457804;BP-9980;CLARO EMPRESA BAM 1.5;'8959301000927527247'
PRECISOGPS S.A.S.;1.20013636;988463424;BP-9980;CLARO EMPRESA BAM 1.5;'8959301000927515341'
PRECISOGPS S.A.S.;1.20013636;988158778;BP-9980;CLARO EMPRESA BAM 1.5;'8959301000927514823'
PRECISOGPS S.A.S.;1.20013636;986034154;BP-9980;CLARO EMPRESA BAM 1.5;'8959301000928431118'
PRECISOGPS S.A.S.;1.20013636;988163024;BP-9980;CLARO EMPRESA BAM 1.5;'8959301000927514302'
PRECISOGPS S.A.S.;1.20013636;988192174;BP-9980;CLARO EMPRESA BAM 1.5;'8959301000927514328'
PRECISOGPS S.A.S.;1.20013636;988207774;BP-9980;CLARO EMPRESA BAM 1.5;'8959301000927514336'
PRECISOGPS S.A.S.;1.20013636;988211284;BP-9980;CLARO EMPRESA BAM 1.5;'8959301000927514344'
PRECISOGPS S.A.S.;1.20013636;988223724;BP-9980;CLARO EMPRESA BAM 1.5;'8959301000928431316'
PRECISOGPS S.A.S.;1.20013636;988243894;BP-9980;CLARO EMPRESA BAM 1.5;'8959301000928431324'
PRECISOGPS S.A.S.;1.20013636;989024914;BP-9980;CLARO EMPRESA BAM 1.5;'8959301000927527262'
PRECISOGPS S.A.S.;1.20013636;989028154;BP-9980;CLARO EMPRESA BAM 1.5;'8959301000927517628'
PRECISOGPS S.A.S.;1.20013636;988389924;BP-9980;CLARO EMPRESA BAM 1.5;'8959301000927514369'
PRECISOGPS S.A.S.;1.20013636;988431024;BP-9980;CLARO EMPRESA BAM 1.5;'8959301000927527221'
PRECISOGPS S.A.S.;1.20013636;988437764;BP-9980;CLARO EMPRESA BAM 1.5;'8959301000928431340'
PRECISOGPS S.A.S.;1.20013636;988442084;BP-9980;CLARO EMPRESA BAM 1.5;'8959301000928431357'
PRECISOGPS S.A.S.;1.20013636;989491234;BP-9980;CLARO EMPRESA BAM 1.5;'8959301000927527312'
PRECISOGPS S.A.S.;1.20013636;989493388;BP-9980;CLARO EMPRESA BAM 1.5;'8959301000927514880'
PRECISOGPS S.A.S.;1.20013636;990311664;BP-9980;CLARO EMPRESA BAM 1.5;'8959301000927527320'
PRECISOGPS S.A.S.;1.20013636;989064634;BP-9980;CLARO EMPRESA BAM 1.5;'8959301000927527270'
PRECISOGPS S.A.S.;1.20013636;989087674;BP-9980;CLARO EMPRESA BAM 1.5;'8959301000927527288'
PRECISOGPS S.A.S.;1.20013636;989213228;BP-9980;CLARO EMPRESA BAM 1.5;'8959301000927514856'
PRECISOGPS S.A.S.;1.20013636;989222704;BP-9980;CLARO EMPRESA BAM 1.5;'8959301000927515358'
PRECISOGPS S.A.S.;1.20013636;989225624;BP-9980;CLARO EMPRESA BAM 1.5;'8959301000927517651'
PRECISOGPS S.A.S.;1.20013636;989300534;BP-9980;CLARO EMPRESA BAM 1.5;'8959301000927514377'
PRECISOGPS S.A.S.;1.20013636;989306754;BP-9980;CLARO EMPRESA BAM 1.5;'8959301000927515366'
PRECISOGPS S.A.S.;1.20013636;989337804;BP-9980;CLARO EMPRESA BAM 1.5;'8959301000927514864'
PRECISOGPS S.A.S.;1.20013636;989352534;BP-9980;CLARO EMPRESA BAM 1.5;'8959301000927514385'
PRECISOGPS S.A.S.;1.20013636;989365008;BP-9980;CLARO EMPRESA BAM 1.5;'8959301000927515374'
PRECISOGPS S.A.S.;1.20013636;989441208;BP-9980;CLARO EMPRESA BAM 1.5;'8959301000927514872'
PRECISOGPS S.A.S.;1.20013636;989473624;BP-9980;CLARO EMPRESA BAM 1.5;'8959301000927527296'
PRECISOGPS S.A.S.;1.20013636;989480674;BP-9980;CLARO EMPRESA BAM 1.5;'8959301000927527304'
PRECISOGPS S.A.S.;1.20013636;986032048;BP-9980;CLARO EMPRESA BAM 1.5;'8959301000927514765'
PRECISOGPS S.A.S.;1.20013636;986152048;BP-9980;CLARO EMPRESA BAM 1.5;'8959301000927514773'
PRECISOGPS S.A.S.;1.20013636;986171098;BP-9980;CLARO EMPRESA BAM 1.5;'8959301000927515309'
PRECISOGPS S.A.S.;1.20013636;986212544;BP-9980;CLARO EMPRESA BAM 1.5;'8959301000928431274'
PRECISOGPS S.A.S.;1.20013636;986835004;BP-9980;CLARO EMPRESA BAM 1.5;'8959301000928431126'
PRECISOGPS S.A.S.;1.20013636;986851874;BP-9980;CLARO EMPRESA BAM 1.5;'8959301000928431282'
PRECISOGPS S.A.S.;1.20013636;986870374;BP-9980;CLARO EMPRESA BAM 1.5;'8959301000928431290'
PRECISOGPS S.A.S.;1.20013636;985549154;BP-9980;CLARO EMPRESA BAM 1.5;'8959301000941574571'
PRECISOGPS S.A.S.;1.20013636;988150554;BP-9980;CLARO EMPRESA BAM 1.5;'8959301000941574605'
PRECISOGPS S.A.S.;1.20013636;980600704;BP-9980;CLARO EMPRESA BAM 1.5;'8959301000941574761'
PRECISOGPS S.A.S.;1.20013636;991899983;BP-9980;CLARO EMPRESA BAM 1.5;'8959301001049890406'
PRECISOGPS S.A.S.;1.20013636;991899985;BP-9980;CLARO EMPRESA BAM 1.5;'8959301001049890414'
PRECISOGPS S.A.S.;1.20013636;991899986;BP-9980;CLARO EMPRESA BAM 1.5;'8959301001049890422'
PRECISOGPS S.A.S.;1.20013636;991899991;BP-9980;CLARO EMPRESA BAM 1.5;'8959301001049890430'
PRECISOGPS S.A.S.;1.20013636;991900107;BP-9980;CLARO EMPRESA BAM 1.5;'8959301001049890448'
PRECISOGPS S.A.S.;1.20013636;991900176;BP-9980;CLARO EMPRESA BAM 1.5;'8959301001049890455'
PRECISOGPS S.A.S.;1.20013636;991900322;BP-9980;CLARO EMPRESA BAM 1.5;'8959301001049890463'
PRECISOGPS S.A.S.;1.20013636;991900512;BP-9980;CLARO EMPRESA BAM 1.5;'8959301001049890471'
PRECISOGPS S.A.S.;1.20013636;991900517;BP-9980;CLARO EMPRESA BAM 1.5;'8959301001049890489'
PRECISOGPS S.A.S.;1.20013636;991900852;BP-9980;CLARO EMPRESA BAM 1.5;'8959301001049890497'
PRECISOGPS S.A.S.;1.20013636;991901034;BP-9980;CLARO EMPRESA BAM 1.5;'8959301001049890505'
PRECISOGPS S.A.S.;1.20013636;991901454;BP-9980;CLARO EMPRESA BAM 1.5;'8959301001049890513'
PRECISOGPS S.A.S.;1.20013636;991901497;BP-9980;CLARO EMPRESA BAM 1.5;'8959301001049890539'
PRECISOGPS S.A.S.;1.20013636;991901876;BP-9980;CLARO EMPRESA BAM 1.5;'8959301001049890547'
PRECISOGPS S.A.S.;1.20013636;991901893;BP-9980;CLARO EMPRESA BAM 1.5;'8959301001049890521'
PRECISOGPS S.A.S.;1.20013636;991902121;BP-9980;CLARO EMPRESA BAM 1.5;'8959301001049890562'
PRECISOGPS S.A.S.;1.20013636;991902223;BP-9980;CLARO EMPRESA BAM 1.5;'8959301001049890570'
PRECISOGPS S.A.S.;1.20013636;991902377;BP-9980;CLARO EMPRESA BAM 1.5;'8959301001049890588'
PRECISOGPS S.A.S.;1.20013636;991902380;BP-9980;CLARO EMPRESA BAM 1.5;'8959301001049890596'
PRECISOGPS S.A.S.;1.20013636;991902496;BP-9980;CLARO EMPRESA BAM 1.5;'8959301001049890604'
PRECISOGPS S.A.S.;1.20013636;991902698;BP-9980;CLARO EMPRESA BAM 1.5;'8959301001049890612'
PRECISOGPS S.A.S.;1.20013636;991902859;BP-9980;CLARO EMPRESA BAM 1.5;'8959301001049890638'
PRECISOGPS S.A.S.;1.20013636;991902867;BP-9980;CLARO EMPRESA BAM 1.5;'8959301001049890646'
PRECISOGPS S.A.S.;1.20013636;991902936;BP-9980;CLARO EMPRESA BAM 1.5;'8959301001049890653'
PRECISOGPS S.A.S.;1.20013636;991903234;BP-9980;CLARO EMPRESA BAM 1.5;'8959301001049890679'
PRECISOGPS S.A.S.;1.20013636;991903523;BP-9980;CLARO EMPRESA BAM 1.5;'8959301001049890695'
PRECISOGPS S.A.S.;1.20013636;991903679;BP-9980;CLARO EMPRESA BAM 1.5;'8959301001049890703'
PRECISOGPS S.A.S.;1.20013636;991903720;BP-9980;CLARO EMPRESA BAM 1.5;'8959301001049890711'
PRECISOGPS S.A.S.;1.20013636;991903842;BP-9980;CLARO EMPRESA BAM 1.5;'8959301001049890729'
PRECISOGPS S.A.S.;1.20013636;991903972;BP-9980;CLARO EMPRESA BAM 1.5;'8959301001049890737'
PRECISOGPS S.A.S.;1.20013636;991903988;BP-9980;CLARO EMPRESA BAM 1.5;'8959301001049890745'
PRECISOGPS S.A.S.;1.20013636;991904201;BP-9980;CLARO EMPRESA BAM 1.5;'8959301001049890760'
PRECISOGPS S.A.S.;1.20013636;991904270;BP-9980;CLARO EMPRESA BAM 1.5;'8959301001049890778'
PRECISOGPS S.A.S.;1.20013636;991904656;BP-9980;CLARO EMPRESA BAM 1.5;'8959301001049890786'
PRECISOGPS S.A.S.;1.20013636;991905128;BP-9980;CLARO EMPRESA BAM 1.5;'8959301001049890794'
PRECISOGPS S.A.S.;1.20013636;991905262;BP-9980;CLARO EMPRESA BAM 1.5;'8959301001049890802'
PRECISOGPS S.A.S.;1.20013636;991905486;BP-9980;CLARO EMPRESA BAM 1.5;'8959301001049890828'
PRECISOGPS S.A.S.;1.20013636;991905897;BP-9980;CLARO EMPRESA BAM 1.5;'8959301001049890836'
PRECISOGPS S.A.S.;1.20013636;991906002;BP-9980;CLARO EMPRESA BAM 1.5;'8959301001049890844'
PRECISOGPS S.A.S.;1.20013636;991906464;BP-9980;CLARO EMPRESA BAM 1.5;'8959301001049890851'
PRECISOGPS S.A.S.;1.20013636;991906580;BP-9980;CLARO EMPRESA BAM 1.5;'8959301001049890869'
PRECISOGPS S.A.S.;1.20013636;991906874;BP-9980;CLARO EMPRESA BAM 1.5;'8959301001049890885'
PRECISOGPS S.A.S.;1.20013636;991906890;BP-9980;CLARO EMPRESA BAM 1.5;'8959301001049890893'
PRECISOGPS S.A.S.;1.20013636;991907241;BP-9980;CLARO EMPRESA BAM 1.5;'8959301001049890901'
PRECISOGPS S.A.S.;1.20013636;991907610;BP-9980;CLARO EMPRESA BAM 1.5;'8959301001049890927'
PRECISOGPS S.A.S.;1.20013636;991907638;BP-9980;CLARO EMPRESA BAM 1.5;'8959301001049890935'
PRECISOGPS S.A.S.;1.20013636;991907774;BP-9980;CLARO EMPRESA BAM 1.5;'8959301001049890943'
PRECISOGPS S.A.S.;1.20013636;991907872;BP-9980;CLARO EMPRESA BAM 1.5;'8959301001049890950'
PRECISOGPS S.A.S.;1.20013636;991907968;BP-9980;CLARO EMPRESA BAM 1.5;'8959301001049890976'
PRECISOGPS S.A.S.;1.20013636;991908082;BP-9980;CLARO EMPRESA BAM 1.5;'8959301001049890984'
PRECISOGPS S.A.S.;1.20013636;991909353;BP-9980;CLARO EMPRESA BAM 1.5;'8959301001049891008'
PRECISOGPS S.A.S.;1.20013636;991909416;BP-9980;CLARO EMPRESA BAM 1.5;'8959301001049891024'
PRECISOGPS S.A.S.;1.20013636;991909571;BP-9980;CLARO EMPRESA BAM 1.5;'8959301001049891040'
PRECISOGPS S.A.S.;1.20013636;991909611;BP-9980;CLARO EMPRESA BAM 1.5;'8959301001049891057'
PRECISOGPS S.A.S.;1.20013636;991909690;BP-9980;CLARO EMPRESA BAM 1.5;'8959301001049891065'
PRECISOGPS S.A.S.;1.20013636;991910206;BP-9980;CLARO EMPRESA BAM 1.5;'8959301001049891073'
PRECISOGPS S.A.S.;1.20013636;991910359;BP-9980;CLARO EMPRESA BAM 1.5;'8959301001049891081'
PRECISOGPS S.A.S.;1.20013636;991910406;BP-9980;CLARO EMPRESA BAM 1.5;'8959301001049891099'
PRECISOGPS S.A.S.;1.20013636;991910474;BP-9980;CLARO EMPRESA BAM 1.5;'8959301001049891107'
PRECISOGPS S.A.S.;1.20013636;991910679;BP-9980;CLARO EMPRESA BAM 1.5;'8959301001049891115'
PRECISOGPS S.A.S.;1.20013636;991910718;BP-9980;CLARO EMPRESA BAM 1.5;'8959301001049891123'
PRECISOGPS S.A.S.;1.20013636;991910918;BP-9980;CLARO EMPRESA BAM 1.5;'8959301001049891149'
PRECISOGPS S.A.S.;1.20013636;991911254;BP-9980;CLARO EMPRESA BAM 1.5;'8959301001049891156'
PRECISOGPS S.A.S.;1.20013636;991911674;BP-9980;CLARO EMPRESA BAM 1.5;'8959301001049891164'
PRECISOGPS S.A.S.;1.20013636;991911703;BP-9980;CLARO EMPRESA BAM 1.5;'8959301001049891172'
PRECISOGPS S.A.S.;1.20013636;991911762;BP-9980;CLARO EMPRESA BAM 1.5;'8959301001049891180'
PRECISOGPS S.A.S.;1.20013636;994500529;BP-9980;CLARO EMPRESA BAM 1.5;'8959301001049891198'
PRECISOGPS S.A.S.;1.20013636;994501293;BP-9980;CLARO EMPRESA BAM 1.5;'8959301001049891214'
PRECISOGPS S.A.S.;1.20013636;994501689;BP-9980;CLARO EMPRESA BAM 1.5;'8959301001049891222'
PRECISOGPS S.A.S.;1.20013636;994502669;BP-9980;CLARO EMPRESA BAM 1.5;'8959301001049891230'
PRECISOGPS S.A.S.;1.20013636;994502726;BP-9980;CLARO EMPRESA BAM 1.5;'8959301001049891248'
PRECISOGPS S.A.S.;1.20013636;994502868;BP-9980;CLARO EMPRESA BAM 1.5;'8959301001049891255'
PRECISOGPS S.A.S.;1.20013636;994502894;BP-9980;CLARO EMPRESA BAM 1.5;'8959301001049891263'
PRECISOGPS S.A.S.;1.20013636;994503210;BP-9980;CLARO EMPRESA BAM 1.5;'8959301001049891289'
PRECISOGPS S.A.S.;1.20013636;994503683;BP-9980;CLARO EMPRESA BAM 1.5;'8959301001049891305'
PRECISOGPS S.A.S.;1.20013636;994504152;BP-9980;CLARO EMPRESA BAM 1.5;'8959301001049891313'
PRECISOGPS S.A.S.;1.20013636;994504623;BP-9980;CLARO EMPRESA BAM 1.5;'8959301001049891339'
PRECISOGPS S.A.S.;1.20013636;994504628;BP-9980;CLARO EMPRESA BAM 1.5;'8959301001049891347'
PRECISOGPS S.A.S.;1.20013636;994504691;BP-9980;CLARO EMPRESA BAM 1.5;'8959301001049891362'
PRECISOGPS S.A.S.;1.20013636;994504926;BP-9980;CLARO EMPRESA BAM 1.5;'8959301001049891388'
PRECISOGPS S.A.S.;1.20013636;994505900;BP-9980;CLARO EMPRESA BAM 1.5;'8959301001049891396'
PRECISOGPS S.A.S.;1.20013636;994506436;BP-9980;CLARO EMPRESA BAM 1.5;'8959301001049891529'
PRECISOGPS S.A.S.;1.20013636;994509027;BP-9980;CLARO EMPRESA BAM 1.5;'8959301001049891537'
PRECISOGPS S.A.S.;1.20013636;994509097;BP-9980;CLARO EMPRESA BAM 1.5;'8959301001049891545'
PRECISOGPS S.A.S.;1.20013636;994509280;BP-9980;CLARO EMPRESA BAM 1.5;'8959301001049891552'
PRECISOGPS S.A.S.;1.20013636;994509516;BP-9980;CLARO EMPRESA BAM 1.5;'8959301001049891560'
PRECISOGPS S.A.S.;1.20013636;994509764;BP-9980;CLARO EMPRESA BAM 1.5;'8959301001049891578'
PRECISOGPS S.A.S.;1.20013636;994510732;BP-9980;CLARO EMPRESA BAM 1.5;'8959301001049891586'
PRECISOGPS S.A.S.;1.20013636;994510982;BP-9980;CLARO EMPRESA BAM 1.5;'8959301001049891594'
PRECISOGPS S.A.S.;1.20013636;994511376;BP-9980;CLARO EMPRESA BAM 1.5;'8959301001049891602'
PRECISOGPS S.A.S.;1.20013636;994514140;BP-9980;CLARO EMPRESA BAM 1.5;'8959301001049891628'
PRECISOGPS S.A.S.;1.20013636;994516169;BP-9980;CLARO EMPRESA BAM 1.5;'8959301001049891636'
PRECISOGPS S.A.S.;1.20013636;994518685;BP-9980;CLARO EMPRESA BAM 1.5;'8959301001049891651'
PRECISOGPS S.A.S.;1.20013636;994518809;BP-9980;CLARO EMPRESA BAM 1.5;'8959301001049891669'
PRECISOGPS S.A.S.;1.20013636;994518890;BP-9980;CLARO EMPRESA BAM 1.5;'8959301001049891677'
PRECISOGPS S.A.S.;1.20013636;994521681;BP-9980;CLARO EMPRESA BAM 1.5;'8959301001049891685'
PRECISOGPS S.A.S.;1.20013636;994522271;BP-9980;CLARO EMPRESA BAM 1.5;'8959301001049891693'
PRECISOGPS S.A.S.;1.20013636;994522513;BP-9980;CLARO EMPRESA BAM 1.5;'8959301001049891701'
PRECISOGPS S.A.S.;1.20013636;994523074;BP-9980;CLARO EMPRESA BAM 1.5;'8959301001049891719'
PRECISOGPS S.A.S.;1.20013636;994525134;BP-9980;CLARO EMPRESA BAM 1.5;'8959301001049891727'
PRECISOGPS S.A.S.;1.20013636;994527115;BP-9980;CLARO EMPRESA BAM 1.5;'8959301001049891743'
PRECISOGPS S.A.S.;1.20013636;994528719;BP-9980;CLARO EMPRESA BAM 1.5;'8959301001049891768'
PRECISOGPS S.A.S.;1.20013636;994528997;BP-9980;CLARO EMPRESA BAM 1.5;'8959301001049891776'
PRECISOGPS S.A.S.;1.20013636;994529975;BP-9980;CLARO EMPRESA BAM 1.5;'8959301001049891784'
PRECISOGPS S.A.S.;1.20013636;994531308;BP-9980;CLARO EMPRESA BAM 1.5;'8959301001049891800'
PRECISOGPS S.A.S.;1.20013636;994531764;BP-9980;CLARO EMPRESA BAM 1.5;'8959301001049891818'
PRECISOGPS S.A.S.;1.20013636;994532660;BP-9980;CLARO EMPRESA BAM 1.5;'8959301001049891826'
PRECISOGPS S.A.S.;1.20013636;994534045;BP-9980;CLARO EMPRESA BAM 1.5;'8959301001049891842'
PRECISOGPS S.A.S.;1.20013636;994534741;BP-9980;CLARO EMPRESA BAM 1.5;'8959301001049891859'
PRECISOGPS S.A.S.;1.20013636;994535103;BP-9980;CLARO EMPRESA BAM 1.5;'8959301001049891867'
PRECISOGPS S.A.S.;1.20013636;994536083;BP-9980;CLARO EMPRESA BAM 1.5;'8959301001049891883'
PRECISOGPS S.A.S.;1.20013636;994537831;BP-9980;CLARO EMPRESA BAM 1.5;'8959301001049891891'
PRECISOGPS S.A.S.;1.20013636;992462677;BP-9980;CLARO EMPRESA BAM 1.5;'8959301001049891404'
PRECISOGPS S.A.S.;1.20013636;994490386;BP-9980;CLARO EMPRESA BAM 1.5;'8959301001049891412'
PRECISOGPS S.A.S.;1.20013636;994491394;BP-9980;CLARO EMPRESA BAM 1.5;'8959301001049891420'
PRECISOGPS S.A.S.;1.20013636;994491406;BP-9980;CLARO EMPRESA BAM 1.5;'8959301001049891438'
PRECISOGPS S.A.S.;1.20013636;994491954;BP-9980;CLARO EMPRESA BAM 1.5;'8959301001049891453'
PRECISOGPS S.A.S.;1.20013636;994492664;BP-9980;CLARO EMPRESA BAM 1.5;'8959301001049891461'
PRECISOGPS S.A.S.;1.20013636;994492668;BP-9980;CLARO EMPRESA BAM 1.5;'8959301001049891479'
PRECISOGPS S.A.S.;1.20013636;994493496;BP-9980;CLARO EMPRESA BAM 1.5;'8959301001049891487'
PRECISOGPS S.A.S.;1.20013636;994493545;BP-9980;CLARO EMPRESA BAM 1.5;'8959301001049891495'
PRECISOGPS S.A.S.;1.20013636;994493710;BP-9980;CLARO EMPRESA BAM 1.5;'8959301001049891503'
PRECISOGPS S.A.S.;1.20013636;994494205;BP-9980;CLARO EMPRESA BAM 1.5;'8959301001049891511'
PRECISOGPS S.A.S.;1.20013636;991060280;BP-10680;EMPRESA BAM 20;'8959301001054934529'
PRECISOGPS S.A.S.;1.20013636;991060203;BP-10680;EMPRESA BAM 20;'8959301001054934545'
PRECISOGPS S.A.S.;1.20013636;991060748;BP-10680;EMPRESA BAM 20;'8959301001058215404'
PRECISOGPS S.A.S.;1.20013636;991060730;BP-10680;EMPRESA BAM 20;'8959301001058215412'
PRECISOGPS S.A.S.;1.20013636;991060646;BP-10680;EMPRESA BAM 20;'8959301001058215420'
PRECISOGPS S.A.S.;1.20013636;991060213;BP-10680;EMPRESA BAM 20;'8959301001063287026'
PRECISOGPS S.A.S.;1.20013636;991059881;BP-10680;EMPRESA BAM 20;'8959301001063208014'
PRECISOGPS S.A.S.;1.20013636;991060433;BP-10680;EMPRESA BAM 20;'8959301001063287034'
